,ref,Str1,Str2,Ed,Ed_Matrix,comptime
1,1512130186.79,x,t,1,"[[ 0.  1.]
 [ 1.  1.]]",0.00361704826355
2,1512130186.83,cb,xa,2,"[[ 0.  1.  2.]
 [ 1.  1.  2.]
 [ 2.  2.  2.]]",0.00535893440247
3,1512130186.85,qhm,fej,3,"[[ 0.  1.  2.  3.]
 [ 1.  1.  2.  3.]
 [ 2.  2.  2.  3.]
 [ 3.  3.  3.  3.]]",0.00611901283264
4,1512130186.87,twnh,wkjq,4,"[[ 0.  1.  2.  3.  4.]
 [ 1.  1.  2.  3.  4.]
 [ 2.  1.  2.  3.  4.]
 [ 3.  2.  2.  3.  4.]
 [ 4.  3.  3.  3.  4.]]",0.00562906265259
5,1512130186.89,xoxen,hkczr,5,"[[ 0.  1.  2.  3.  4.  5.]
 [ 1.  1.  2.  3.  4.  5.]
 [ 2.  2.  2.  3.  4.  5.]
 [ 3.  3.  3.  3.  4.  5.]
 [ 4.  4.  4.  4.  4.  5.]
 [ 5.  5.  5.  5.  5.  5.]]",0.0054919719696
6,1512130186.9,ksrlxi,ndmuuq,6,"[[ 0.  1.  2.  3.  4.  5.  6.]
 [ 1.  1.  2.  3.  4.  5.  6.]
 [ 2.  2.  2.  3.  4.  5.  6.]
 [ 3.  3.  3.  3.  4.  5.  6.]
 [ 4.  4.  4.  4.  4.  5.  6.]
 [ 5.  5.  5.  5.  5.  5.  6.]
 [ 6.  6.  6.  6.  6.  6.  6.]]",0.00449299812317
7,1512130186.91,bckazwb,igtgkpj,7,"[[ 0.  1.  2.  3.  4.  5.  6.  7.]
 [ 1.  1.  2.  3.  4.  5.  6.  7.]
 [ 2.  2.  2.  3.  4.  5.  6.  7.]
 [ 3.  3.  3.  3.  4.  4.  5.  6.]
 [ 4.  4.  4.  4.  4.  5.  5.  6.]
 [ 5.  5.  5.  5.  5.  5.  6.  6.]
 [ 6.  6.  6.  6.  6.  6.  6.  7.]
 [ 7.  7.  7.  7.  7.  7.  7.  7.]]",0.00435018539429
8,1512130186.92,wnkyphzo,hgdjqxml,8,"[[ 0.  1.  2.  3.  4.  5.  6.  7.  8.]
 [ 1.  1.  2.  3.  4.  5.  6.  7.  8.]
 [ 2.  2.  2.  3.  4.  5.  6.  7.  8.]
 [ 3.  3.  3.  3.  4.  5.  6.  7.  8.]
 [ 4.  4.  4.  4.  4.  5.  6.  7.  8.]
 [ 5.  5.  5.  5.  5.  5.  6.  7.  8.]
 [ 6.  5.  6.  6.  6.  6.  6.  7.  8.]
 [ 7.  6.  6.  7.  7.  7.  7.  7.  8.]
 [ 8.  7.  7.  7.  8.  8.  8.  8.  8.]]",0.00418186187744
9,1512130186.93,rkwfmlrxg,nihssabst,9,"[[ 0.  1.  2.  3.  4.  5.  6.  7.  8.  9.]
 [ 1.  1.  2.  3.  4.  5.  6.  7.  8.  9.]
 [ 2.  2.  2.  3.  4.  5.  6.  7.  8.  9.]
 [ 3.  3.  3.  3.  4.  5.  6.  7.  8.  9.]
 [ 4.  4.  4.  4.  4.  5.  6.  7.  8.  9.]
 [ 5.  5.  5.  5.  5.  5.  6.  7.  8.  9.]
 [ 6.  6.  6.  6.  6.  6.  6.  7.  8.  9.]
 [ 7.  7.  7.  7.  7.  7.  7.  7.  8.  9.]
 [ 8.  8.  8.  8.  8.  8.  8.  8.  8.  9.]
 [ 9.  9.  9.  9.  9.  9.  9.  9.  9.  9.]]",0.00547981262207
